,xlink_label,label
0,AmountChangeGrossOperatingRevenues,増減額
2,AmountChangeGrossRevenuesUS,増減額
4,AmountChangeIncomeBeforeIncomeTaxesUS,増減額
8,AmountChangeIncomeBeforeMinorityInterestUS,増減額
12,AmountChangeIncomeFromContinuingOperationsBeforeIncomeTaxesUS,増減額
16,AmountChangeIncomeFromDiscontinuingOperationsBeforeIncomeTaxesUS,増減額
18,AmountChangeNetIncome,増減額
22,AmountChangeNetIncomeUS,増減額
26,AmountChangeNetOperatingRevenuesSE,増減額
28,AmountChangeNetPremiumsWrittenIN,増減額
30,AmountChangeNetSales,増減額
32,AmountChangeNetSalesAndOperatingRevenues,増減額
34,AmountChangeNetSalesAndOperatingRevenuesUS,増減額
36,AmountChangeNetSalesIFRS,増減額
38,AmountChangeNetSalesOfCompletedConstructionContracts,増減額
40,AmountChangeNetSalesUS,増減額
42,AmountChangeOperatingIncome,増減額
44,AmountChangeOperatingIncomeIFRS,増減額
46,AmountChangeOperatingIncomeUS,増減額
48,AmountChangeOperatingRevenues,増減額
50,AmountChangeOperatingRevenuesSE,増減額
52,AmountChangeOperatingRevenuesSpecific,増減額
54,AmountChangeOperatingRevenuesSpecificUS,増減額
56,AmountChangeOperatingRevenuesUS,増減額
58,AmountChangeOrdinaryIncome,増減額
60,AmountChangeOrdinaryRevenuesBK,増減額
62,AmountChangeOrdinaryRevenuesIN,増減額
64,AmountChangeProfitAttributableToOwnersOfParentIFRS,増減額
68,AmountChangeProfitBeforeTaxIFRS,増減額
70,AmountChangeProfitIFRS,増減額
74,AmountChangeRevenueIFRS,増減額
76,AmountChangeRevenuesUS,増減額
78,AmountChangeSalesIFRS,増減額
80,AmountChangeTotalRevenuesAfterDeductingFinancialExpenseUS,増減額
82,AmountChangeTotalRevenuesUS,増減額
84,AnnualDividendPaymentScheduleAxis,年間配当スケジュール
86,AnnualMember,年間
88,AnnualSecuritiesReportFilingDateAsPlanned,有価証券報告書提出予定日
90,ApplyingOfSimplifiedMethodOfAccountingAndSpecificAccountingOfTheConsolidatedQuarterlyFinancialStatements,簡便な会計処理及び特有の会計処理の適用
92,ApplyingOfSimplifiedMethodOfAccountingAndSpecificAccountingOfTheConsolidatedQuarterlyFinancialStatementsAbstract,簡便な会計処理及び特有の会計処理の適用
94,ApplyingOfSpecificAccountingOfTheConsolidatedQuarterlyFinancialStatements,四半期連結財務諸表の作成に特有の会計処理の適用
96,ApplyingOfSpecificAccountingOfTheConsolidatedQuarterlyFinancialStatementsAbstract,四半期連結財務諸表の作成に特有の会計処理の適用
98,ApplyingOfSpecificAccountingOfTheQuarterlyFinancialStatements,四半期財務諸表の作成に特有の会計処理の適用
100,ApplyingOfSpecificAccountingOfTheQuarterlyFinancialStatementsAbstract,四半期財務諸表の作成に特有の会計処理の適用
102,AverageNumberOfShares,期中平均株式数
108,BasicEarningPerShareCorrectionIFRSAbstract,基本的1株当たり当期利益
114,BasicEarningPerShareForecastIFRSAbstract,基本的1株当たり当期利益
116,BasicNetIncomePerShareForecastUSAbstract,基本的1株当たり当社株主に帰属する当期純利益
118,BasicNetIncomePerShareUS,基本的1株当たり当社株主に帰属する当期純利益
124,BasicNetIncomePerShareUSAbstract,基本的1株当たり当社株主に帰属する当期純利益
130,BusinessCategoryAbstract,事業会社種別
132,BusinessResultsCashFlowsHeading,キャッシュ・フローの状況
134,BusinessResultsCashFlowsLineItems,キャッシュ・フローの状況
136,BusinessResultsCashFlowsTable,キャッシュ・フローの状況
138,BusinessResultsFinancialPositionsHeading,財政状態
140,BusinessResultsFinancialPositionsLineItems,財政状態
142,BusinessResultsFinancialPositionsTable,財政状態
144,BusinessResultsNoteBusinessResultsHeading,業績に関する注記
146,BusinessResultsNoteBusinessResultsLineItems,業績に関する注記
148,BusinessResultsNoteBusinessResultsTable,業績に関する注記
150,BusinessResultsNoteOverviewNonconsolidatedBusinessResultsHeading,個別業績に関する注記
152,BusinessResultsNoteOverviewNonconsolidatedBusinessResultsLineItems,個別業績に関する注記
154,BusinessResultsNoteOverviewNonconsolidatedBusinessResultsTable,個別業績に関する注記
156,BusinessResultsNoteOverviewQuarterlyNonconsolidatedBusinessResultsHeading,四半期個別業績に関する注記
158,BusinessResultsNoteOverviewQuarterlyNonconsolidatedBusinessResultsLineItems,四半期個別業績に関する注記
160,BusinessResultsNoteOverviewQuarterlyNonconsolidatedBusinessResultsTable,四半期個別業績に関する注記
162,BusinessResultsNoteQuarterlyBusinessResultsHeading,四半期業績に関する注記
164,BusinessResultsNoteQuarterlyBusinessResultsLineItems,四半期業績に関する注記
166,BusinessResultsNoteQuarterlyBusinessResultsTable,四半期業績に関する注記
168,BusinessResultsOperatingResultsHeading,経営成績
170,BusinessResultsOperatingResultsLineItems,経営成績
172,BusinessResultsOperatingResultsTable,経営成績
174,BusinessResultsOverviewNonconsolidatedFinancialPositionsHeading,個別財政状態
176,BusinessResultsOverviewNonconsolidatedFinancialPositionsLineItems,個別財政状態
178,BusinessResultsOverviewNonconsolidatedFinancialPositionsTable,個別財政状態
180,BusinessResultsOverviewNonconsolidatedOperatingResultsHeading,個別経営成績
182,BusinessResultsOverviewNonconsolidatedOperatingResultsLineItems,個別経営成績
184,BusinessResultsOverviewNonconsolidatedOperatingResultsTable,個別経営成績
186,BusinessResultsOverviewQuarterlyNonconsolidatedFinancialPositionsHeading,四半期個別財政状態
188,BusinessResultsOverviewQuarterlyNonconsolidatedFinancialPositionsLineItems,四半期個別財政状態
190,BusinessResultsOverviewQuarterlyNonconsolidatedFinancialPositionsTable,四半期個別財政状態
192,BusinessResultsOverviewQuarterlyNonconsolidatedOperatingResultsHeading,四半期個別経営成績
194,BusinessResultsOverviewQuarterlyNonconsolidatedOperatingResultsLineItems,四半期個別経営成績
196,BusinessResultsOverviewQuarterlyNonconsolidatedOperatingResultsTable,四半期個別経営成績
198,BusinessResultsQuarterlyFinancialPositionsHeading,四半期財政状態
200,BusinessResultsQuarterlyFinancialPositionsLineItems,四半期財政状態
202,BusinessResultsQuarterlyFinancialPositionsTable,四半期財政状態
204,BusinessResultsQuarterlyOperatingResultsHeading,四半期経営成績
206,BusinessResultsQuarterlyOperatingResultsLineItems,四半期経営成績
208,BusinessResultsQuarterlyOperatingResultsTable,四半期経営成績
210,CapitalAdequacyRatio,自己資本比率
212,CapitalAdequacyRatioSecuritiesExchangeAct523SE,自己資本規制比率
214,CapitalAdequacyRatioUS,自己資本比率
216,CashAndCashEquivalentsAtEndOfPeriodIFRS,現金及び現金同等物期末残高
218,CashAndEquivalentsEndOfPeriod,現金及び現金同等物期末残高
220,CashAndEquivalentsEndOfPeriod1US,現金及び現金等価物期末残高
222,CashAndEquivalentsEndOfPeriodUS,現金及び現金同等物期末残高
224,CashDividendAbstract,現金配当
226,CashFlowsAbstract,キャッシュ・フローの状況
228,CashFlowsFromFinancingActivities,財務活動によるキャッシュ・フロー
230,CashFlowsFromFinancingActivitiesContinuingOperationsUS,継続事業からの財務活動によるキャッシュ・フロー
232,CashFlowsFromFinancingActivitiesIFRS,財務活動によるキャッシュ・フロー
234,CashFlowsFromFinancingActivitiesUS,財務活動によるキャッシュ・フロー
236,CashFlowsFromInvestingActivities,投資活動によるキャッシュ・フロー
238,CashFlowsFromInvestingActivitiesContinuingOperationsUS,継続事業からの投資活動によるキャッシュ・フロー
240,CashFlowsFromInvestingActivitiesIFRS,投資活動によるキャッシュ・フロー
242,CashFlowsFromInvestingActivitiesUS,投資活動によるキャッシュ・フロー
244,CashFlowsFromOperatingActivities,営業活動によるキャッシュ・フロー
246,CashFlowsFromOperatingActivitiesContinuingOperationsUS,継続事業からの営業活動によるキャッシュ・フロー
248,CashFlowsFromOperatingActivitiesIFRS,営業活動によるキャッシュ・フロー
250,CashFlowsFromOperatingActivitiesUS,営業活動によるキャッシュ・フロー
252,ChangeInComprehensiveIncome,包括利益増減率
254,ChangeInComprehensiveIncomeNetOfTaxIncludingPortionAttributableToNoncontrollingInterest1US,当期包括利益合計増減率
258,ChangeInComprehensiveIncomeNetOfTaxIncludingPortionAttributableToNoncontrollingInterest2US,非支配持分控除前包括利益増減率
260,ChangeInComprehensiveIncomeNetOfTaxIncludingPortionAttributableToNoncontrollingInterest3US,包括利益増減率
262,ChangeInComprehensiveIncomeNetOfTaxIncludingPortionAttributableToNoncontrollingInterest4US,包括利益合計増減率
264,ChangeInComprehensiveIncomeNetOfTaxIncludingPortionAttributableToNoncontrollingInterest5US,当社株主に帰属する包括利益増減率
268,ChangeInComprehensiveIncomeNetOfTaxIncludingPortionAttributableToNoncontrollingInterest6US,当社株主に帰属する当期包括利益増減率
270,ChangeInComprehensiveIncomeNetOfTaxIncludingPortionAttributableToNoncontrollingInterestUS,当期包括利益増減率
274,ChangeInGrossOperatingRevenues,増減率
276,ChangeInGrossRevenuesUS,増減率
278,ChangeInIncomeBeforeIncomeTaxesUS,増減率
282,ChangeInIncomeBeforeMinorityInterestUS,増減率
286,ChangeInIncomeFromContinuingOperationsBeforeIncomeTaxesUS,増減率
290,ChangeInIncomeFromDiscontinuingOperationsBeforeIncomeTaxesUS,増減率
293,ChangeInNetIncome,増減率
297,ChangeInNetIncomeUS,増減率
301,ChangeInNetOperatingRevenuesSE,増減率
303,ChangeInNetPremiumsWrittenIN,増減率
305,ChangeInNetSales,増減率
307,ChangeInNetSalesAndOperatingRevenues,増減率
309,ChangeInNetSalesAndOperatingRevenuesUS,増減率
311,ChangeInNetSalesOfCompletedConstructionContracts,増減率
313,ChangeInNetSalesUS,増減率
315,ChangeInOperatingIncome,増減率
317,ChangeInOperatingIncomeUS,増減率
319,ChangeInOperatingRevenues,増減率
321,ChangeInOperatingRevenuesSE,増減率
323,ChangeInOperatingRevenuesSpecific,増減率
325,ChangeInOperatingRevenuesSpecificUS,増減率
327,ChangeInOperatingRevenuesUS,増減率
329,ChangeInOrdinaryIncome,増減率
331,ChangeInOrdinaryRevenuesBK,増減率
333,ChangeInOrdinaryRevenuesIN,増減率
335,ChangeInRevenuesUS,増減率
337,ChangeInTotalRevenuesAfterDeductingFinancialExpenseUS,増減率
339,ChangeInTotalRevenuesUS,増減率
341,ChangeInProfitBeforeTaxIFRS,増減率
343,ChangeInProfitIFRS,増減率
347,ChangeInSalesIFRS,増減率
349,ChangesBasedOnRevisionsOfAccountingStandard,会計基準等の改正に伴う会計方針の変更
355,ChangesBasedOnRevisionsOfAccountingStandardUS,会計基準等の改正に伴う会計方針の変更
357,ChangesInAccountingEstimates,会計上の見積りの変更
359,ChangesInAccountingEstimatesIFRS,会計上の見積りの変更
361,ChangesInAccountingEstimatesInterim,会計上の見積りの変更
363,ChangesInAccountingPoliciesAccountingEstimatesAndRetrospectiveRestatementInterimConsolidatedAbstract,会計方針の変更・会計上の見積りの変更・修正再表示
365,ChangesInAccountingPoliciesAccountingEstimatesAndRetrospectiveRestatementQuarterlyConsolidatedAbstract,会計方針の変更・会計上の見積りの変更・修正再表示
367,ChangesInAccountingPoliciesAndAccountingEstimatesIFRSAbstract,会計方針の変更・会計上の見積りの変更
369,ChangesInAccountingPoliciesAndAccountingEstimatesRetrospectiveRestatementAbstract,会計方針の変更・会計上の見積りの変更・修正再表示
371,ChangesInAccountingPoliciesOtherThanIFRSRequirementsIFRS,IFRSにより要求される会計方針の変更以外の会計方針の変更
373,ChangesInAccountingPoliciesRequiredByIFRSIFRS,IFRSにより要求される会計方針の変更
375,ChangesInAccountingPoliciesUSAbstract,会計方針の変更
377,ChangesInAccountingPrinciplesProceduresAndThePresentationOfTheConsolidatedQuarterlyFinancialStatementsAbstract,会計方針の変更
379,ChangeInNetSalesIFRS,増減率
381,ChangeInOperatingIncomeIFRS,増減率
383,ChangeInProfitAttributableToOwnersOfParentIFRS,増減率
387,ChangeInRevenueIFRS,増減率
389,ChangesInTotalComprehensiveIncomeIFRS,当期包括利益合計額増減率
395,ChangesOtherThanOnesBasedOnRevisionsOfAccountingStandard,会計基準等の改正に伴う変更以外の会計方針の変更
401,ChangesOtherThanOnesBasedOnRevisionsOfAccountingStandardUS,会計基準等の改正に伴う変更以外の会計方針の変更
403,CommemorativeDividend,記念配当
405,CompanyName,上場会社名
407,ComprehensiveIncome,包括利益
409,ComprehensiveIncomeAbstract,包括利益
411,ComprehensiveIncomeNetOfTaxIncludingPortionAttributableToNoncontrollingInterest1US,当期包括利益合計
415,ComprehensiveIncomeNetOfTaxIncludingPortionAttributableToNoncontrollingInterest1USAbstract,当期包括利益合計
419,ComprehensiveIncomeNetOfTaxIncludingPortionAttributableToNoncontrollingInterest2US,非支配持分控除前包括利益
421,ComprehensiveIncomeNetOfTaxIncludingPortionAttributableToNoncontrollingInterest2USAbstract,非支配持分控除前包括利益
423,ComprehensiveIncomeNetOfTaxIncludingPortionAttributableToNoncontrollingInterest3US,包括利益
425,ComprehensiveIncomeNetOfTaxIncludingPortionAttributableToNoncontrollingInterest3USAbstract,包括利益
427,ComprehensiveIncomeNetOfTaxIncludingPortionAttributableToNoncontrollingInterest4US,包括利益合計
429,ComprehensiveIncomeNetOfTaxIncludingPortionAttributableToNoncontrollingInterest4USAbstract,包括利益合計
431,ComprehensiveIncomeNetOfTaxIncludingPortionAttributableToNoncontrollingInterest5US,当社株主に帰属する包括利益
435,ComprehensiveIncomeNetOfTaxIncludingPortionAttributableToNoncontrollingInterest5USAbstract,当社株主に帰属する包括利益
439,ComprehensiveIncomeNetOfTaxIncludingPortionAttributableToNoncontrollingInterest6US,当社株主に帰属する当期包括利益
441,ComprehensiveIncomeNetOfTaxIncludingPortionAttributableToNoncontrollingInterest6USAbstract,当社株主に帰属する当期包括利益
443,ComprehensiveIncomeNetOfTaxIncludingPortionAttributableToNoncontrollingInterestUS,当期包括利益
447,ComprehensiveIncomeNetOfTaxIncludingPortionAttributableToNoncontrollingInterestUSAbstract,当期包括利益
451,ComprehensiveIncomeUSAbstract,当期包括利益
455,ConsolidatedCapitalAdequacyRatioBIS1stBK,連結自己資本比率（第一基準）
457,ConsolidatedCapitalAdequacyRatioBIS1stBKIFRS,連結自己資本比率（第一基準）
459,ConsolidatedCapitalAdequacyRatioBISBK,連結自己資本比率（国際統一基準）
461,ConsolidatedCapitalAdequacyRatioBISBKIFRS,連結自己資本比率（国際統一基準）
463,ConsolidatedCapitalAdequacyRatioDomestic2ndBK,連結自己資本比率（第二基準）
465,ConsolidatedCapitalAdequacyRatioDomestic2ndBKIFRS,連結自己資本比率（第二基準）
467,ConsolidatedCapitalAdequacyRatioDomesticBK,連結自己資本比率（国内基準）
469,ConsolidatedCapitalAdequacyRatioDomesticBKIFRS,連結自己資本比率（国内基準）
471,ConsolidatedCashFlowsAbstract,連結キャッシュ・フローの状況
473,ConsolidatedFinancialPositionsAbstract,連結財政状態
475,ConsolidatedIncomeStatementsInformationAbstract,連結損益計算書情報
477,ConsolidatedInformationAnnualHeading,通期連結業績予想数値の修正
479,ConsolidatedInformationAnnualLineItems,通期連結業績予想数値の修正
481,ConsolidatedInformationAnnualTable,通期連結業績予想数値の修正
483,ConsolidatedInformationQ1Heading,第1四半期連結業績予想数値の修正
485,ConsolidatedInformationQ1LineItems,第1四半期連結業績予想数値の修正
487,ConsolidatedInformationQ1Table,第1四半期連結業績予想数値の修正
489,ConsolidatedInformationQ2YTDHeading,第2四半期連結業績予想数値の修正
491,ConsolidatedInformationQ2YTDLineItems,第2四半期連結業績予想数値の修正
493,ConsolidatedInformationQ2YTDTable,第2四半期連結業績予想数値の修正
495,ConsolidatedInformationQ3YTDHeading,第3四半期連結業績予想数値の修正
497,ConsolidatedInformationQ3YTDLineItems,第3四半期連結業績予想数値の修正
499,ConsolidatedInformationQ3YTDTable,第3四半期連結業績予想数値の修正
501,ConsolidatedMember,連結
503,ConsolidatedNonconsolidatedAxis,連結・個別又は非連結
505,ConsolidatedOperatingResultsAbstract,連結経営成績
509,ConveningBriefingOfAnnualResults,決算説明会開催の有無
511,ConveningBriefingOfQuarterlyResults,四半期決算説明会開催の有無
513,CorrectionDetailAbstract,修正の内容
515,CorrectionOfConsolidatedFinancialForecastInThisQuarter,直近に公表されている業績予想からの修正の有無
517,CorrectionOfConsolidatedFinancialForecastInThisQuarterAbstract,直近に公表されている業績予想からの修正の有無
519,CorrectionOfDividendForecastInThisQuarter,直近に公表されている配当予想からの修正の有無
521,CorrectionOfDividendForecastInThisQuarterAbstract,直近に公表されている配当予想からの修正の有無
523,CorrectionOfFinancialForecastInThisQuarter,直近に公表されている業績予想からの修正の有無
525,CorrectionOfFinancialForecastInThisQuarterAbstract,直近に公表されている業績予想からの修正の有無
527,CurrentMember,今回
529,DateOfGeneralShareholdersMeetingAsPlanned,定時株主総会開催予定日
531,DepositsBK,預金残高
533,DetailOfDividendPerShareFiscalYearEndAbstract,期末配当金の内訳
539,DilutedEarningsPerShareIFRS,希薄化後1株当たり当期利益
545,DilutedNetIncomePerShare,潜在株式調整後1株当たり当期純利益
551,DilutedNetIncomePerShareUS,希薄化後1株当たり当社株主に帰属する当期純利益
555,DilutedNetIncomePerShare2US,潜在株式調整後1株当たり当社株主に帰属する当期純利益
559,DividendForecastCorrectionAbstract,配当予想の修正について
561,DividendPayableDateAsPlanned,配当支払開始予定日
563,DividendPerShare,1株当たり配当金
565,DividendPerShareAbstract,年間配当金
571,DividendsAbstract,配当の状況
573,DividendsHeading,配当の状況
575,DividendsLineItems,配当の状況
577,DividendsTable,配当の状況
579,DocumentEntityInformationHeading,上場会社情報
581,DocumentEntityInformationLineItems,上場会社情報
583,DocumentEntityInformationTable,上場会社情報
585,DocumentName,文書名
587,EquityAttributableToOwnersOfParentIFRS,親会社の所有者に帰属する持分
589,EquityAttributableToOwnersOfParentPerShareIFRS,1株当たり親会社所有者帰属持分
591,EquityAttributableToOwnersOfParentToTotalAssetsRatioIFRS,親会社所有者帰属持分比率
593,ExpenseRatioIN,正味事業費率
595,ExpressionOfImplementationStatusOfAuditProcedures,監査手続の実施状況に関する表示
597,ExpressionOfImplementationStatusOfInterimAuditProcedures,中間監査手続の実施状況に関する表示
599,ExpressionOfImplementationStatusOfQuarterlyReviewProcedures,四半期レビュー手続の実施状況に関する表示
601,ExtraDividend,特別配当
603,FASFMemberMark,財務会計基準機構会員マーク
605,FilingDate,提出日
607,FinancialForecastCorrectionAbstract,業績予想の修正について
609,FinancialPositionsAbstract,財政状態
611,FirstQuarterMember,1Q
613,FiscalYearEnd,決算期
615,ForecastCorrectionOfAnnualConsolidatedFinancialResultsAbstract,通期連結業績予想数値の修正
617,ForecastCorrectionOfAnnualNonConsolidatedFinancialResultsAbstract,通期個別業績予想数値の修正
619,ForecastCorrectionOfQuarterlyConsolidatedFinancialResults3MonthsYTDAbstract,第1四半期連結業績予想数値の修正
621,ForecastCorrectionOfQuarterlyConsolidatedFinancialResults6MonthsYTDAbstract,第2四半期（累計）連結業績予想数値の修正
623,ForecastCorrectionOfQuarterlyConsolidatedFinancialResults9MonthsYTDAbstract,第3四半期（累計）連結業績予想数値の修正
625,ForecastCorrectionOfQuarterlyNonConsolidatedFinancialResults3MonthsYTDAbstract,第1四半期個別業績予想数値の修正
627,ForecastCorrectionOfQuarterlyNonConsolidatedFinancialResults6MonthsYTDAbstract,第2四半期（累計）個別業績予想数値の修正
629,ForecastCorrectionOfQuarterlyNonConsolidatedFinancialResults9MonthsYTDAbstract,第3四半期（累計）個別業績予想数値の修正
631,ForecastMember,予想
633,ForecastsHeading,業績予想
635,ForecastsLineItems,業績予想
637,ForecastsTable,業績予想
639,FukuokaStockExchange,福
641,FukuokaStockExchangeEstablished,既存市場
643,FukuokaStockExchangeOthers,その他
645,FukuokaStockExchangeQBoard,Q-Board
647,GeneralBusiness,一般事業会社
649,GrossOperatingRevenues,営業総収入
651,GrossOperatingRevenuesAbstract,営業総収入
653,GrossOperatingRevenuesCorrectionAbstract,営業総収入
655,GrossOperatingRevenuesForecastAbstract,営業総収入
657,GrossRevenuesCorrectionUSAbstract,総収益
659,GrossRevenuesForecastUSAbstract,総収益
661,GrossRevenuesUS,総収益
663,GrossRevenuesUSAbstract,総収益
665,IncomeBeforeIncomeTaxesCorrectionUSAbstract,税引前当期純利益
671,IncomeBeforeIncomeTaxesForecastUSAbstract,税引前当期純利益
673,IncomeBeforeIncomeTaxesToGrossRevenuesRatioUS,総収益税引前当期純利益率
675,IncomeBeforeIncomeTaxesToTotalAssetsRatioUS,総資産税引前当期純利益率
677,IncomeBeforeIncomeTaxesToTotalCapitalRatioUS,総資本税引前当期純利益率
679,IncomeBeforeIncomeTaxesToTotalRevenuesRatioUS,収益合計税引前利益率
681,IncomeBeforeIncomeTaxesUS,税引前当期純利益
687,IncomeBeforeIncomeTaxesUSAbstract,税引前当期純利益
691,IncomeBeforeMinorityInterestCorrectionUSAbstract,当期純利益
697,IncomeBeforeMinorityInterestForecastUSAbstract,当期純利益
699,IncomeBeforeMinorityInterestToConsolidatedEquityRatioUS,連結資本利益率（少数株主持分控除前）
701,IncomeBeforeMinorityInterestUS,当期純利益
707,IncomeBeforeMinorityInterestUSAbstract,当期純利益
711,IncomeFromContinuingOperationsBeforeIncomeTaxesCorrectionUSAbstract,継続事業税引前当期純利益
717,IncomeFromContinuingOperationsBeforeIncomeTaxesForecastUSAbstract,継続事業税引前当期純利益
719,IncomeFromContinuingOperationsBeforeIncomeTaxesToNetSalesRatioUS,売上高継続事業税引前利益率
721,IncomeFromContinuingOperationsBeforeIncomeTaxesToTotalAssetsRatioUS,総資産継続事業税引前当期純利益率
723,IncomeFromContinuingOperationsBeforeIncomeTaxesToTotalCapitalRatioUS,総資本継続事業税引前当期純利益率
725,IncomeFromContinuingOperationsBeforeIncomeTaxesUS,継続事業税引前当期純利益
731,IncomeFromContinuingOperationsBeforeIncomeTaxesUSAbstract,継続事業税引前当期純利益
735,IncomeFromDiscontinuingOperationsBeforeIncomeTaxesCorrectionUSAbstract,非継続事業税引前当期純利益
737,IncomeFromDiscontinuingOperationsBeforeIncomeTaxesForecastUSAbstract,非継続事業税引前当期純利益
739,IncomeFromDiscontinuingOperationsBeforeIncomeTaxesUS,非継続事業税引前当期純利益
743,IncomeFromDiscontinuingOperationsBeforeIncomeTaxesUSAbstract,非継続事業税引前当期純利益
747,IncomeStatementsInformationAbstract,損益計算書情報
749,InquiriesAbstract,問合せ先責任者
751,InvestmentProfitLossOnEquityMethod,持分法投資損益
753,InvestmentProfitLossOnEquityMethodUS,持分法投資損益
755,InvestmentsAccountedForUsingEquityMethodIFRS,持分法による投資損益
757,JapanSecuritiesDealersAssociation,PH
759,JapanSecuritiesDealersAssociationGreenSheet,フェニックス
761,LossRatioIN,正味損害率
763,LowerMember,下限
765,MainTableOfConsolidatedForecastsAbstract,連結業績予想本表
767,MainTableOfForecastsAbstract,業績予想本表
769,MainTableOfNonConsolidatedForecastsAbstract,個別業績予想本表
771,MaterialChangesInSubsidiariesDuringThisPeriodChangesInScopeOfConsolidationsResultingFromChangeIsSubsidiaries,期中における重要な子会社の異動（連結範囲の変更を伴う特定子会社の異動）
777,MaterialChangesInSubsidiariesDuringThisPeriodChangesInScopeOfConsolidationsResultingFromChangeIsSubsidiariesAbstract,期中における重要な子会社の異動（連結範囲の変更を伴う特定子会社の異動）
783,MaterialChangesInSubsidiariesDuringThisPeriodChangesInScopeOfConsolidationsResultingFromChangeIsSubsidiariesUS,期中における重要な子会社の異動（連結範囲の変更を伴う特定子会社の異動）
789,MaterialChangesInSubsidiariesDuringThisPeriodChangesInScopeOfConsolidationsResultingFromChangeIsSubsidiariesUSAbstract,期中における重要な子会社の異動（連結範囲の変更を伴う特定子会社の異動）
795,MaterialChangesInSubsidiariesDuringThisPeriodChangesInScopeOfConsolidationsResultingFromChangesInSubsidiariesIFRS,期中における重要な子会社の異動（連結範囲の変更を伴う特定子会社の異動）
801,MaterialChangesInSubsidiariesDuringThisPeriodChangesInScopeOfConsolidationsResultingFromChangesInSubsidiariesIFRSAbstract,期中における重要な子会社の異動（連結範囲の変更を伴う特定子会社の異動）
807,NagoyaStockExchange,名
809,NagoyaStockExchange1stSection,プレミア
811,NagoyaStockExchange2ndSection,メイン
813,NagoyaStockExchangeCentrex,ネクスト
815,NagoyaStockExchangeOthers,その他
817,NameInquiries,氏名
819,NameOfSubsidiariesExcludedFromConsolidation,社名
821,NameOfSubsidiariesExcludedFromConsolidationIFRS,社名
823,NameOfSubsidiariesExcludedFromConsolidationUS,社名
825,NameOfSubsidiariesNewlyConsolidated,社名
827,NameOfSubsidiariesNewlyConsolidatedIFRS,社名
829,NameOfSubsidiariesNewlyConsolidatedUS,社名
831,NameRepresentative,氏名
833,NetAssets,純資産
835,NetAssetsPerShare,1株当たり純資産
837,NetAssetsPerShareUS,1株当たり資本合計（純資産）
839,NetAssetsUS,資本合計（純資産）
841,NetIncome,当期純利益
847,NetIncomeAbstract,当期純利益
853,NetIncomeCorrectionAbstract,当期純利益
859,NetIncomeCorrectionUSAbstract,当社株主に帰属する当期純利益
865,NetIncomeForecastAbstract,当期純利益
867,NetIncomeForecastIFRSAbstract,当期利益
869,NetIncomeForecastUSAbstract,当社株主に帰属する当期純利益
871,NetIncomePerShare,1株当たり当期純利益
877,NetIncomePerShareCorrectionAbstract,1株当たり当期純利益
883,NetIncomePerShareCorrectionUSAbstract,1株当たり当社株主に帰属する当期純利益
889,NetIncomePerShareForecastAbstract,1株当たり当期純利益
891,NetIncomePerShareForecastUSAbstract,1株当たり当社株主に帰属する当期純利益
893,NetIncomePerShareUS,1株当たり当社株主に帰属する当期純利益
899,NetIncomeToShareholdersEquityRatio,自己資本当期純利益率
901,NetIncomeToShareholdersEquityRatioUS,株主資本当社株主に帰属する当期純利益率
903,NetIncomeToShareholdersEquityRatioUS2,自己資本当社株主に帰属する当期純利益率
905,NetIncomeUS,当社株主に帰属する当期純利益
911,NetIncomeUSAbstract,当社株主に帰属する当期純利益
915,NetOperatingIncomeToOperatingRevenuesRatioSE,純営業収益営業利益率
917,NetOperatingRevenuesCorrectionSEAbstract,純営業収益
919,NetOperatingRevenuesForecastSEAbstract,純営業収益
921,NetOperatingRevenuesSE,純営業収益
923,NetOperatingRevenuesSEAbstract,純営業収益
925,NetPremiumsWrittenCorrectionINAbstract,正味収入保険料
927,NetPremiumsWrittenForecastINAbstract,正味収入保険料
929,NetPremiumsWrittenIN,正味収入保険料
931,NetPremiumsWrittenINAbstract,正味収入保険料
933,NetSales,売上高
935,NetSalesAbstract,売上高
937,NetSalesAndOperatingRevenues,売上高及び営業収入
939,NetSalesAndOperatingRevenuesAbstract,売上高及び営業収入
941,NetSalesAndOperatingRevenuesCorrectionAbstract,売上高及び営業収入
943,NetSalesAndOperatingRevenuesCorrectionUSAbstract,売上高及び営業収入
945,NetSalesAndOperatingRevenuesForecastAbstract,売上高及び営業収入
947,NetSalesAndOperatingRevenuesForecastUSAbstract,売上高及び営業収入
949,NetSalesAndOperatingRevenuesUS,売上高及び営業収入
951,NetSalesAndOperatingRevenuesUSAbstract,売上高及び営業収入
953,NetSalesCorrectionAbstract,売上高
955,NetSalesCorrectionIFRSAbstract,売上高
957,NetSalesCorrectionUSAbstract,売上高
959,NetSalesForecastAbstract,売上高
961,NetSalesForecastIFRSAbstract,売上高
963,NetSalesForecastUSAbstract,売上高
965,NetSalesIFRS,売上高
967,NetSalesIFRSAbstract,売上高
969,NetSalesOfCompletedConstructionContracts,完成工事高
971,NetSalesOfCompletedConstructionContractsAbstract,完成工事高
973,NetSalesOfCompletedConstructionContractsCorrectionAbstract,完成工事高
975,NetSalesOfCompletedConstructionContractsForecastAbstract,完成工事高
977,NetSalesUS,売上高
979,NetSalesUSAbstract,売上高
981,NonConsolidatedCapitalAdequacyRatioBISBK,単体自己資本比率（国際統一基準）
983,NonConsolidatedCapitalAdequacyRatioDomesticBK,単体自己資本比率（国内基準）
985,NonConsolidatedFinancialPositionsAbstract,個別財政状態
987,NonConsolidatedIncomeStatementsInformationAbstract,個別損益計算書情報
989,NonConsolidatedInformationAnnualHeading,通期個別業績予想数値の修正
991,NonConsolidatedInformationAnnualLineItems,通期個別業績予想数値の修正
993,NonConsolidatedInformationAnnualTable,通期個別業績予想数値の修正
995,NonConsolidatedInformationQ1Heading,第1四半期個別業績予想数値の修正
997,NonConsolidatedInformationQ1LineItems,第1四半期個別業績予想数値の修正
999,NonConsolidatedInformationQ1Table,第1四半期個別業績予想数値の修正
1001,NonConsolidatedInformationQ2YTDHeading,第2四半期個別業績予想数値の修正
1003,NonConsolidatedInformationQ2YTDLineItems,第2四半期個別業績予想数値の修正
1005,NonConsolidatedInformationQ2YTDTable,第2四半期個別業績予想数値の修正
1007,NonConsolidatedInformationQ3YTDHeading,第3四半期個別業績予想数値の修正
1009,NonConsolidatedInformationQ3YTDLineItems,第3四半期個別業績予想数値の修正
1011,NonConsolidatedInformationQ3YTDTable,第3四半期個別業績予想数値の修正
1013,NonConsolidatedMember,個別又は非連結
1015,NonConsolidatedOperatingResultsAbstract,個別経営成績
1017,NoteAndReasonForCorrectionAbstract,注記および修正理由
1019,NoteFinancialForecastCorrectionHeading,業績予想の修正に関する注記
1021,NoteFinancialForecastCorrectionLineItems,業績予想の修正に関する注記
1023,NoteFinancialForecastCorrectionTable,業績予想の修正に関する注記
1025,NoteRevisedDividendForecastHeading,配当予想の修正に関する注記
1027,NoteRevisedDividendForecastLineItems,配当予想の修正に関する注記
1029,NoteRevisedDividendForecastTable,配当予想の修正に関する注記
1031,NotesChangesAccountingPoliciesAccountingEstimatesRetrospectiveRestatementHeading,会計方針の変更・会計上の見積りの変更・修正再表示
1033,NotesChangesAccountingPoliciesAccountingEstimatesRetrospectiveRestatementLineItems,会計方針の変更・会計上の見積りの変更・修正再表示
1035,NotesChangesAccountingPoliciesAccountingEstimatesRetrospectiveRestatementTable,会計方針の変更・会計上の見積りの変更・修正再表示
1037,NotesForUsingForecastedInformationAndOthers,業績予想の適切な利用に関する説明、その他特記事項
1039,NotesIFRSChangesAccountingPoliciesAccountingEstimatesHeading,会計方針の変更・会計上の見積りの変更
1041,NotesIFRSChangesAccountingPoliciesAccountingEstimatesLineItems,会計方針の変更・会計上の見積りの変更
1043,NotesIFRSChangesAccountingPoliciesAccountingEstimatesTable,会計方針の変更・会計上の見積りの変更
1045,NotesIFRSMaterialChangesSubsidiariesDuringThisPeriodChangesScopeConsolidationsResultingChangeSubsidiariesHeading,期中における重要な子会社の異動（連結範囲の変更を伴う特定子会社の異動）
1047,NotesIFRSMaterialChangesSubsidiariesDuringThisPeriodChangesScopeConsolidationsResultingChangeSubsidiariesLineItems,期中における重要な子会社の異動（連結範囲の変更を伴う特定子会社の異動）
1049,NotesIFRSMaterialChangesSubsidiariesDuringThisPeriodChangesScopeConsolidationsResultingChangeSubsidiariesTable,期中における重要な子会社の異動（連結範囲の変更を伴う特定子会社の異動）
1051,NotesMaterialChangesSubsidiariesDuringThisPeriodChangesScopeConsolidationsResultingChangeSubsidiariesHeading,期中における重要な子会社の異動（連結範囲の変更を伴う特定子会社の異動）
1053,NotesMaterialChangesSubsidiariesDuringThisPeriodChangesScopeConsolidationsResultingChangeSubsidiariesLineItems,期中における重要な子会社の異動（連結範囲の変更を伴う特定子会社の異動）
1055,NotesMaterialChangesSubsidiariesDuringThisPeriodChangesScopeConsolidationsResultingChangeSubsidiariesTable,期中における重要な子会社の異動（連結範囲の変更を伴う特定子会社の異動）
1057,NotesNumberIssuedOutstandingSharesCommonStockHeading,発行済株式数（普通株式）
1059,NotesNumberIssuedOutstandingSharesCommonStockLineItems,発行済株式数（普通株式）
1061,NotesNumberIssuedOutstandingSharesCommonStockTable,発行済株式数（普通株式）
1063,NotesQuarterlyApplyingSpecificAccountingConsolidatedQuarterlyFinancialStatementsHeading,四半期連結財務諸表の作成に特有の会計処理の適用
1065,NotesQuarterlyApplyingSpecificAccountingConsolidatedQuarterlyFinancialStatementsLineItems,四半期連結財務諸表の作成に特有の会計処理の適用
1067,NotesQuarterlyApplyingSpecificAccountingConsolidatedQuarterlyFinancialStatementsTable,四半期連結財務諸表の作成に特有の会計処理の適用
1069,NotesQuarterlyChangesAccountingPoliciesAccountingEstimatesRetrospectiveRestatementHeading,会計方針の変更・会計上の見積りの変更・修正再表示
1071,NotesQuarterlyChangesAccountingPoliciesAccountingEstimatesRetrospectiveRestatementLineItems,会計方針の変更・会計上の見積りの変更・修正再表示
1073,NotesQuarterlyChangesAccountingPoliciesAccountingEstimatesRetrospectiveRestatementTable,会計方針の変更・会計上の見積りの変更・修正再表示
1075,NotesQuarterlyIFRSChangesAccountingPoliciesAccountingEstimatesHeading,会計方針の変更・会計上の見積りの変更
1077,NotesQuarterlyIFRSChangesAccountingPoliciesAccountingEstimatesLineItems,会計方針の変更・会計上の見積りの変更
1079,NotesQuarterlyIFRSChangesAccountingPoliciesAccountingEstimatesTable,会計方針の変更・会計上の見積りの変更
1081,NotesQuarterlyIFRSMaterialChangesSubsidiariesDuringThisPeriodChangesScopeConsolidationsResultingChangeSubsidiariesHeading,当四半期連結累計期間における重要な子会社の異動（連結範囲の変更を伴う特定子会社の異動）
1083,NotesQuarterlyIFRSMaterialChangesSubsidiariesDuringThisPeriodChangesScopeConsolidationsResultingChangeSubsidiariesLineItems,当四半期連結累計期間における重要な子会社の異動（連結範囲の変更を伴う特定子会社の異動）
1085,NotesQuarterlyIFRSMaterialChangesSubsidiariesDuringThisPeriodChangesScopeConsolidationsResultingChangeSubsidiariesTable,当四半期連結累計期間における重要な子会社の異動（連結範囲の変更を伴う特定子会社の異動）
1087,NotesQuarterlyMaterialChangesSubsidiariesDuringThisPeriodChangesScopeConsolidationsResultingChangeSubsidiariesHeading,当四半期連結累計期間における重要な子会社の異動（連結範囲の変更を伴う特定子会社の異動）
1089,NotesQuarterlyMaterialChangesSubsidiariesDuringThisPeriodChangesScopeConsolidationsResultingChangeSubsidiariesLineItems,当四半期連結累計期間における重要な子会社の異動（連結範囲の変更を伴う特定子会社の異動）
1091,NotesQuarterlyMaterialChangesSubsidiariesDuringThisPeriodChangesScopeConsolidationsResultingChangeSubsidiariesTable,当四半期連結累計期間における重要な子会社の異動（連結範囲の変更を伴う特定子会社の異動）
1093,NotesQuarterlyNumberIssuedOutstandingSharesCommonStockHeading,発行済株式数（普通株式）
1095,NotesQuarterlyNumberIssuedOutstandingSharesCommonStockLineItems,発行済株式数（普通株式）
1097,NotesQuarterlyNumberIssuedOutstandingSharesCommonStockTable,発行済株式数（普通株式）
1099,NotesQuarterlyUSApplyingSimplifiedMethodAccountingSpecificAccountingConsolidatedQuarterlyFinancialStatementHeading,簡便な会計処理及び特有の会計処理の適用
1101,NotesQuarterlyUSApplyingSimplifiedMethodAccountingSpecificAccountingConsolidatedQuarterlyFinancialStatementLineItems,簡便な会計処理及び特有の会計処理の適用
1103,NotesQuarterlyUSApplyingSimplifiedMethodAccountingSpecificAccountingConsolidatedQuarterlyFinancialStatementTable,簡便な会計処理及び特有の会計処理の適用
1105,NotesQuarterlyUSChangesAccountingPrinciplesProceduresPresentationConsolidatedQuarterlyFinancialStatementsHeading,会計方針の変更
1107,NotesQuarterlyUSChangesAccountingPrinciplesProceduresPresentationConsolidatedQuarterlyFinancialStatementsLineItems,会計方針の変更
1109,NotesQuarterlyUSChangesAccountingPrinciplesProceduresPresentationConsolidatedQuarterlyFinancialStatementsTable,会計方針の変更
1111,NotesQuarterlyUSMaterialChangesSubsidiariesDuringThisPeriodChangesScopeConsolidationsResultingChangeSubsidiariesHeading,当四半期連結累計期間における重要な子会社の異動（連結範囲の変更を伴う特定子会社の異動）
1113,NotesQuarterlyUSMaterialChangesSubsidiariesDuringThisPeriodChangesScopeConsolidationsResultingChangeSubsidiariesLineItems,当四半期連結累計期間における重要な子会社の異動（連結範囲の変更を伴う特定子会社の異動）
1115,NotesQuarterlyUSMaterialChangesSubsidiariesDuringThisPeriodChangesScopeConsolidationsResultingChangeSubsidiariesTable,当四半期連結累計期間における重要な子会社の異動（連結範囲の変更を伴う特定子会社の異動）
1117,NotesUSChangesAccountingPoliciesHeading,会計方針の変更
1119,NotesUSChangesAccountingPoliciesLineItems,会計方針の変更
1121,NotesUSChangesAccountingPoliciesTable,会計方針の変更
1123,NotesUSMaterialChangesSubsidiariesDuringThisPeriodChangesScopeConsolidationsResultingChangeSubsidiariesHeading,期中における重要な子会社の異動（連結範囲の変更を伴う特定子会社の異動）
1125,NotesUSMaterialChangesSubsidiariesDuringThisPeriodChangesScopeConsolidationsResultingChangeSubsidiariesLineItems,期中における重要な子会社の異動（連結範囲の変更を伴う特定子会社の異動）
1127,NotesUSMaterialChangesSubsidiariesDuringThisPeriodChangesScopeConsolidationsResultingChangeSubsidiariesTable,期中における重要な子会社の異動（連結範囲の変更を伴う特定子会社の異動）
1129,NoteToApplyingOfSimplifiedMethodOfAccountingAndSpecificAccountingOfTheConsolidatedQuarterlyFinancialStatements,簡便な会計処理及び特有の会計処理の適用に関する注記
1131,NoteToApplyingOfSimplifiedMethodOfAccountingAndSpecificAccountingOfTheConsolidatedQuarterlyFinancialStatementsAbstract,簡便な会計処理及び特有の会計処理の適用に関する注記
1133,NoteToApplyingOfSpecificAccountingOfTheConsolidatedQuarterlyFinancialStatements,四半期連結財務諸表の作成に特有の会計処理の適用に関する注記
1135,NoteToApplyingOfSpecificAccountingOfTheConsolidatedQuarterlyFinancialStatementsAbstract,四半期連結財務諸表の作成に特有の会計処理の適用に関する注記
1137,NoteToApplyingOfSpecificAccountingOfTheQuarterlyFinancialStatements,四半期財務諸表の作成に特有の会計処理の適用に関する注記
1139,NoteToApplyingOfSpecificAccountingOfTheQuarterlyFinancialStatementsAbstract,四半期財務諸表の作成に特有の会計処理の適用に関する注記
1141,NoteToCashFlows,キャッシュ・フローの状況に関する注記
1143,NoteToCashFlowsAbstract,キャッシュ・フローの状況に関する注記
1145,NoteToChangesInAccountingPoliciesAccountingEstimatesAndRetrospectiveRestatementInterimConsolidated,会計方針の変更・会計上の見積りの変更・修正再表示に関する注記
1147,NoteToChangesInAccountingPoliciesAccountingEstimatesAndRetrospectiveRestatementInterimConsolidatedAbstract,会計方針の変更・会計上の見積りの変更・修正再表示に関する注記
1149,NoteToChangesInAccountingPoliciesAccountingEstimatesAndRetrospectiveRestatementQuarterlyConsolidated,会計方針の変更・会計上の見積りの変更・修正再表示に関する注記
1151,NoteToChangesInAccountingPoliciesAccountingEstimatesAndRetrospectiveRestatementQuarterlyConsolidatedAbstract,会計方針の変更・会計上の見積りの変更・修正再表示に関する注記
1153,NoteToChangesInAccountingPoliciesAndAccountingEstimatesIFRS,会計方針の変更・会計上の見積りの変更に関する注記
1155,NoteToChangesInAccountingPoliciesAndAccountingEstimatesIFRSAbstract,会計方針の変更・会計上の見積りの変更に関する注記
1157,NoteToChangesInAccountingPoliciesAndAccountingEstimatesRetrospectiveRestatement,会計方針の変更・会計上の見積りの変更・修正再表示に関する注記
1159,NoteToChangesInAccountingPoliciesAndAccountingEstimatesRetrospectiveRestatementAbstract,会計方針の変更・会計上の見積りの変更・修正再表示に関する注記
1161,NoteToChangesInAccountingPoliciesUS,会計方針の変更に関する注記
1163,NoteToChangesInAccountingPoliciesUSAbstract,会計方針の変更に関する注記
1165,NoteToChangesInAccountingPrinciplesProceduresAndThePresentationOfTheConsolidatedQuarterlyFinancialStatements,会計方針の変更に関する注記
1167,NoteToChangesInAccountingPrinciplesProceduresAndThePresentationOfTheConsolidatedQuarterlyFinancialStatementsAbstract,会計方針の変更に関する注記
1169,NoteToConsolidatedCashFlowsAbstract,連結キャッシュ・フローの状況に関する注記
1171,NoteToConsolidatedFinancialPositionsAbstract,連結財政状態に関する注記
1173,NoteToConsolidatedFinancialResults,連結業績に関する注記
1175,NoteToConsolidatedFinancialResultsAbstract,連結業績に関する注記
1177,NoteToConsolidatedForecastsAbstract,連結業績予想に関する事項
1179,NoteToConsolidatedIncomeStatementsInformationAbstract,連結損益計算書情報に関する注記
1181,NoteToConsolidatedIncomeStatementsInformationUS,連結損益計算書情報に関する注記
1183,NoteToConsolidatedOperatingResultsAbstract,連結経営成績に関する注記
1185,NoteToDividends,配当の状況に関する注記
1187,NoteToDividendsAbstract,配当の状況に関する注記
1189,NoteToFinancialForecast,業績予想の状況に関する注記
1191,NoteToFinancialForecastAbstract,業績予想の状況に関する注記
1193,NoteToFinancialPositions,財政状態に関する注記
1195,NoteToFinancialPositionsAbstract,財政状態に関する注記
1197,NoteToFinancialResults,業績に関する注記
1199,NoteToFinancialResultsAbstract,業績に関する注記
1201,NoteToForecasts,業績予想に関する事項
1203,NoteToForecastsAbstract,業績予想に関する事項
1205,NoteToFractionProcessingMethod,端数処理方法に関する注記
1207,NoteToMaterialChangesInSubsidiariesDuringThisPeriod,期中における重要な子会社の異動に関する注記
1213,NoteToMaterialChangesInSubsidiariesDuringThisPeriodAbstract,期中における重要な子会社の異動に関する注記
1219,NoteToNonConsolidatedFinancialPositionsAbstract,個別財政状態に関する注記
1221,NoteToNonConsolidatedFinancialResultsAbstract,個別業績に関する注記
1223,NoteToNonConsolidatedForecastsAbstract,個別業績予想に関する事項
1225,NoteToNonConsolidatedOperatingResultsAbstract,個別経営成績に関する注記
1227,NoteToNumberOfIssuedAndOutstandingSharesCommonStock,発行済株式数（普通株式）に関する注記
1229,NoteToNumberOfIssuedAndOutstandingSharesCommonStockAbstract,発行済株式数（普通株式）に関する注記
1231,NoteToOperatingResults,経営成績に関する注記
1233,NoteToOperatingResultsAbstract,経営成績に関する注記
1235,NoticeOfForecastCorrection,予想修正に関するお知らせ
1237,NumberOfIssuedAndOutstandingSharesAtTheEndOfFiscalYearIncludingTreasuryStock,期末発行済株式数（自己株式を含む）
1243,NumberOfIssuedAndOutstandingSharesCommonStockAbstract,発行済株式数（普通株式）
1245,NumberOfSubsidiariesExcludedFromConsolidation,除外
1247,NumberOfSubsidiariesExcludedFromConsolidationIFRS,除外
1249,NumberOfSubsidiariesExcludedFromConsolidationUS,除外
1251,NumberOfSubsidiariesNewlyConsolidated,新規
1253,NumberOfSubsidiariesNewlyConsolidatedIFRS,新規
1255,NumberOfSubsidiariesNewlyConsolidatedUS,新規
1257,NumberOfTreasuryStockAtTheEndOfFiscalYear,期末自己株式数
1263,OperatingIncome,営業利益
1265,OperatingIncomeAbstract,営業利益
1267,OperatingIncomeCorrectionAbstract,営業利益
1269,OperatingIncomeCorrectionIFRSAbstract,営業利益
1271,OperatingIncomeCorrectionUSAbstract,営業利益
1273,OperatingIncomeForecastAbstract,営業利益
1275,OperatingIncomeForecastIFRSAbstract,営業利益
1277,OperatingIncomeForecastUSAbstract,営業利益
1279,OperatingIncomeIFRS,営業利益
1281,OperatingIncomeIFRSAbstract,営業利益
1283,OperatingIncomeToGrossOperatingRevenuesRatio,営業総収入営業利益率
1285,OperatingIncomeToNetSalesOfCompletedConstructionContractsRatio,完成工事高営業利益率
1287,OperatingIncomeToNetSalesRatio,売上高営業利益率
1289,OperatingIncomeToNetSalesRatioIFRS,売上高営業利益率
1291,OperatingIncomeToNetSalesRatioUS,売上高営業利益率
1293,OperatingIncomeToOperatingRevenuesRatio,営業収益営業利益率
1295,OperatingIncomeToOperatingRevenuesRatioSE,営業収益営業利益率
1297,OperatingIncomeToOperatingRevenuesRatioUS,営業収益営業利益率
1299,OperatingIncomeToOperatingRevenuesSpecificRatio,営業収入営業利益率
1301,OperatingIncomeToOperatingRevenuesSpecificRatioUS,営業収入営業利益率
1303,OperatingIncomeToRevenueRatioIFRS,収益営業利益率
1305,OperatingIncomeToRevenuesRatioUS,収益営業利益率
1307,OperatingIncomeToSalesRatioIFRS,売上収益営業利益率
1309,OperatingIncomeUS,営業利益
1311,OperatingIncomeUSAbstract,営業利益
1313,OperatingResultsAbstract,経営成績
1317,OperatingRevenues,営業収益
1319,OperatingRevenuesAbstract,営業収益
1321,OperatingRevenuesCorrectionAbstract,営業収益
1323,OperatingRevenuesCorrectionSEAbstract,営業収益
1325,OperatingRevenuesCorrectionUSAbstract,営業収益
1327,OperatingRevenuesForecastAbstract,営業収益
1329,OperatingRevenuesForecastSEAbstract,営業収益
1331,OperatingRevenuesForecastUSAbstract,営業収益
1333,OperatingRevenuesSE,営業収益
1335,OperatingRevenuesSEAbstract,営業収益
1337,OperatingRevenuesSpecific,営業収入
1339,OperatingRevenuesSpecificAbstract,営業収入
1341,OperatingRevenuesSpecificCorrectionAbstract,営業収入
1343,OperatingRevenuesSpecificCorrectionUSAbstract,営業収入
1345,OperatingRevenuesSpecificForecastAbstract,営業収入
1347,OperatingRevenuesSpecificForecastUSAbstract,営業収入
1349,OperatingRevenuesSpecificUS,営業収入
1351,OperatingRevenuesSpecificUSAbstract,営業収入
1353,OperatingRevenuesUS,営業収益
1355,OperatingRevenuesUSAbstract,営業収益
1357,OrdinaryIncome,経常利益
1359,OrdinaryIncomeAbstract,経常利益
1361,OrdinaryIncomeCorrectionAbstract,経常利益
1363,OrdinaryIncomeForecastAbstract,経常利益
1365,OrdinaryIncomeToOrdinaryExpensesRatioBK,経常収支率
1367,OrdinaryIncomeToOrdinaryRevenuesRatioBK,経常収益経常利益率
1369,OrdinaryIncomeToOrdinaryRevenuesRatioIN,経常収益経常利益率
1371,OrdinaryIncomeToTotalAssetsRatio,総資産経常利益率
1373,OrdinaryRevenuesBK,経常収益
1375,OrdinaryRevenuesBKAbstract,経常収益
1377,OrdinaryRevenuesCorrectionBKAbstract,経常収益
1379,OrdinaryRevenuesCorrectionINAbstract,経常収益
1381,OrdinaryRevenuesForecastBKAbstract,経常収益
1383,OrdinaryRevenuesForecastINAbstract,経常収益
1385,OrdinaryRevenuesIN,経常収益
1387,OrdinaryRevenuesINAbstract,経常収益
1389,OtherCompanyInformationAbstract,その他
1391,OtherConsolidatedOperatingResultsAbstract,その他の連結経営成績
1393,OtherNonConsolidatedOperatingResultsAbstract,その他の個別経営成績
1395,OtherOperatingResultsAbstract,その他の経営成績
1397,OthersAbstract,注記事項
1399,OverviewNonconsolidatedForecastsHeading,個別業績予想
1401,OverviewNonconsolidatedForecastsLineItems,個別業績予想
1403,OverviewNonconsolidatedForecastsTable,個別業績予想
1405,OverviewQuarterlyNonconsolidatedForecastsHeading,四半期個別業績予想
1407,OverviewQuarterlyNonconsolidatedForecastsLineItems,四半期個別業績予想
1409,OverviewQuarterlyNonconsolidatedForecastsTable,四半期個別業績予想
1411,OwnersEquity,自己資本
1413,PayoutRatio,配当性向
1415,PayoutRatioAbstract,配当性向
1417,PayoutRatioConsolidatedAbstract,配当性向（連結）
1419,PayoutRatioConsolidatedIFRSAbstract,配当性向（連結）
1421,PayoutRatioConsolidatedUSAbstract,配当性向（連結）
1423,PayoutRatioIFRS,配当性向
1425,PayoutRatioUS,配当性向
1427,PreambleToConsolidatedForecastsAbstract,連結業績予想に関する事項
1429,PreambleToForecasts,業績予想に関する事項
1431,PreambleToForecastsAbstract,業績予想に関する事項
1433,PreambleToNonConsolidatedForecastsAbstract,個別業績予想に関する事項
1435,PreviousCurrentAxis,前回・今回
1437,PreviousMember,前回
1439,PreviousReportingDate,前回公表日
1441,PreviousReportingDateOfDividendForecast,前回予想発表日
1443,PreviousReportingDateOfDividendForecastAbstract,前回予想発表日
1445,ProfitAttributableToOwnersOfParentCorrectionIFRSAbstract,親会社の所有者に帰属する当期利益
1451,ProfitAttributableToOwnersOfParentForecastIFRSAbstract,親会社の所有者に帰属する当期利益
1453,ProfitAttributableToOwnersOfParentIFRS,親会社の所有者に帰属する当期利益
1459,ProfitAttributableToOwnersOfParentIFRSAbstract,親会社の所有者に帰属する当期利益
1465,ProfitBeforeIncomeTaxForecastIFRSAbstract,税引前利益
1467,ProfitBeforeTaxCorrectionIFRSAbstract,税引前利益
1469,ProfitBeforeTaxIFRS,税引前利益
1471,ProfitBeforeTaxIFRSAbstract,税引前利益
1473,ProfitBeforeTaxToNetSalesRatioIFRS,売上高税引前利益率
1475,ProfitBeforeTaxToRevenueRatioIFRS,収益税引前利益率
1477,ProfitBeforeTaxToSalesRatioIFRS,売上収益税引前利益率
1479,ProfitBeforeTaxToTotalAssetsRatioIFRS,資産合計税引前利益率
1481,ProfitCorrectionIFRSAbstract,当期利益
1487,ProfitIFRS,当期利益
1493,ProfitIFRSAbstract,当期利益
1499,ProfitToEquityAttributableToOwnersOfParentRatioIFRS,親会社所有者帰属持分当期利益率
1505,ProfitToNetSalesRatioIFRS,売上高当期利益率
1507,ProfitToRevenueRatioIFRS,収益当期利益率
1509,ProfitToSalesRatioIFRS,売上収益当期利益率
1511,ProfitToTotalAssetsRatioIFRS,資産合計当期利益率
1513,QuarterlyDividendsHeading,四半期配当の状況
1515,QuarterlyDividendsLineItems,四半期配当の状況
1517,QuarterlyDividendsTable,四半期配当の状況
1519,QuarterlyForecastsHeading,四半期業績予想
1521,QuarterlyForecastsLineItems,四半期業績予想
1523,QuarterlyForecastsTable,四半期業績予想
1525,QuarterlyPeriod,四半期
1527,QuarterlyStatementFilingDateAsPlanned,四半期報告書提出予定日
1529,RatioOfTotalAmountOfDividendsToEquityAttributableToOwnerOfParentConsolidatedIFRS,親会社所有者帰属持分配当率（連結）
1531,RatioOfTotalAmountOfDividendsToEquityAttributableToOwnerOfParentConsolidatedIFRSAbstract,親会社所有者帰属持分配当率（連結）
1533,RatioOfTotalAmountOfDividendsToNetAssets,純資産配当率
1535,RatioOfTotalAmountOfDividendsToNetAssetsAbstract,純資産配当率
1537,RatioOfTotalAmountOfDividendsToNetAssetsConsolidatedAbstract,純資産配当率（連結）
1539,RatioOfTotalAmountOfDividendsToNetAssetsConsolidatedUSAbstract,資本合計（純資産）配当率（連結）
1541,RatioOfTotalAmountOfDividendsToNetAssetsUS,資本合計（純資産）配当率
1543,RatioOfTotalAmountOfDividendsToShareholdersEquityUS,株主資本配当率（連結）
1545,RatioOfTotalAmountOfDividendsToShareholdersEquityUSAbstract,株主資本配当率（連結）
1547,ReasonForDividendForecastCorrection,配当予想修正の理由
1549,ReasonForDividendForecastCorrectionAbstract,修正の理由
1551,ReasonForForecastCorrection,業績予想修正の理由
1553,ReasonForForecastCorrectionAbstract,修正の理由
1555,ReportingDateOfDividendForecastCorrection,配当予想修正報告日
1557,ReportingDateOfFinancialForecastCorrection,予想修正報告日
1559,RepresentativeAbstract,代表者
1561,ResultForecastAxis,実績・予想
1563,ResultMember,実績
1565,RetrospectiveRestatement,修正再表示
1567,RetrospectiveRestatementInterim,修正再表示
1569,RevenueCorrectionIFRSAbstract,収益
1571,RevenueForecastIFRSAbstract,収益
1573,RevenueIFRS,収益
1575,RevenueIFRSAbstract,収益
1577,RevenuesCorrectionUSAbstract,収益
1579,RevenuesForcastUSAbstract,収益
1581,RevenuesUS,収益
1583,RevenuesUSAbstract,収益
1585,RevisedDividendForecastHeading,配当予想の修正
1587,RevisedDividendForecastLineItems,配当予想の修正
1589,RevisedDividendForecastTable,配当予想の修正
1591,SalesCorrectionIFRSAbstract,売上収益
1593,SalesForecastIFRSAbstract,売上収益
1595,SalesIFRS,売上収益
1597,SalesIFRSAbstract,売上収益
1599,SapporoStockExchange,札
1601,SapporoStockExchangeAmbitious,アンビシャス
1603,SapporoStockExchangeEstablished,既存市場
1605,SapporoStockExchangeOthers,その他
1607,SecondQuarterMember,2Q
1609,SecuritiesCode,コード番号
1611,SettingOfSpecificTransactionAccountBK,特定取引勘定設置の有無
1613,ShareholdersEquityPerShareUS,1株当たり株主資本
1615,ShareholdersEquityRatioUS,株主資本比率
1617,ShareholdersEquityUS,株主資本
1619,SpecialNotesAbstract,サマリー情報に関する注記
1621,SpecialNotesHeading,サマリー情報に関する注記
1623,SpecialNotesLineItems,サマリー情報に関する注記
1625,SpecialNotesQuarterlyEarningDigestSummaryHeading,四半期サマリー情報に関する注記
1627,SpecialNotesQuarterlyEarningDigestSummaryLineItems,四半期サマリー情報に関する注記
1629,SpecialNotesQuarterlyEarningDigestSummaryTable,四半期サマリー情報に関する注記
1631,SpecialNotesTable,サマリー情報に関する注記
1633,SpecificBusiness,特定事業会社
1635,StockExchangeListingsAbstract,上場取引所
1637,SupplementalMaterialOfAnnualResults,決算補足説明資料作成の有無
1639,SupplementalMaterialOfQuarterlyResults,四半期決算補足説明資料作成の有無
1641,TargetAudienceBriefingOfAnnualResults,対象者
1643,TargetForBriefingOfQuarterlyResults,四半期決算説明会の対象者
1645,Tel,TEL
1647,ThirdQuarterMember,3Q
1649,TitleForForecasts,業績予想タイトル名称
1651,TitleInquiries,役職名
1653,TitleRepresentative,役職名
1655,TokyoStockExchange,東
1657,TokyoStockExchange1stSection,第一部
1659,TokyoStockExchange2ndSection,第二部
1661,TokyoStockExchangeMothers,マザーズ
1663,TokyoStockExchangeOthers,その他
1665,TotalAssets,総資産
1667,TotalAssetsIFRS,資産合計
1669,TotalAssetsUS,総資産
1671,TotalComprehensiveIncomeIFRS,当期包括利益合計額
1677,TotalComprehensiveIncomeIFRSAbstract,当期包括利益合計額
1683,TotalDividendPaidAnnual,配当金総額（合計）
1685,TotalDividendPaidAnnualAbstract,配当金総額（合計）
1687,TotalEquityIFRS,資本合計
1689,TotalRevenuesAfterDeductingFinancialExpenseCorrectionUSAbstract,収益合計（金融費用控除後）
1691,TotalRevenuesAfterDeductingFinancialExpenseForecastUSAbstract,収益合計（金融費用控除後）
1693,TotalRevenuesAfterDeductingFinancialExpenseUS,収益合計（金融費用控除後）
1695,TotalRevenuesAfterDeductingFinancialExpenseUSAbstract,収益合計（金融費用控除後）
1697,TotalRevenuesCorrectionUSAbstract,収益合計
1699,TotalRevenuesForecastUSAbstract,収益合計
1701,TotalRevenuesUS,収益合計
1703,TotalRevenuesUSAbstract,収益合計
1705,UpperMember,上限
1707,URL,URL
1709,WayOfGettingSupplementalMaterialOfAnnualResults,入手方法等
1711,WayOfGettingSupplementalMaterialOfQuarterlyResults,入手方法等
1713,YearEndMember,期末
1715,BasicEarningsPerShareIFRS,基本的1株当たり当期利益
1721,TokyoStockExchangeJASDAQ,JASDAQ
1723,TokyoStockExchangePROMarket,PRO Market
1725,OperatingRevenuesIFRSAbstract,営業収益
1727,OperatingRevenuesIFRS,営業収益
1729,ChangeInOperatingRevenuesIFRS,増減率
1731,OperatingRevenuesCorrectionIFRSAbstract,営業収益
1733,AmountChangeOperatingRevenuesIFRS,増減額
1735,OperatingIncomeToOperatingRevenuesRatioIFRS,営業収益営業利益率
1737,ProfitBeforeTaxToOperatingRevenuesRatioIFRS,営業収益税引前利益率
1739,ProfitToOperatingRevenuesRatioIFRS,営業収益当期利益率
1741,ProfitAttributableToOwnersOfParentAbstract,親会社株主に帰属する当期純利益
1747,ProfitAttributableToOwnersOfParent,親会社株主に帰属する当期純利益
1753,AmountChangeProfitAttributableToOwnersOfParent,増減額
1757,ChangeInProfitAttributableToOwnersOfParent,増減率
1761,ProfitAttributableToOwnersOfParentForecastAbstract,親会社株主に帰属する当期純利益
1763,ProfitAttributableToOwnersOfParentCorrectionAbstract_7,親会社株主に帰属する当期純利益
1770,OperatingRevenuesForecastIFRSAbstract_2,営業収益
1771,OrdinaryRevenuesBKIFRS,経常収益
1773,ChangeInOrdinaryRevenuesBKIFRS,増減率
1775,OrdinaryRevenuesBKIFRSAbstract,経常収益
1777,OrdinaryRevenuesForecastBKIFRSAbstract,経常収益
1779,OrdinaryRevenuesCorrectionBKIFRSAbstract,経常収益
1781,AmountChangeOrdinaryRevenuesBKIFRS,増減額
1783,OperatingIncomeToOrdinaryRevenuesRatioBKIFRS,経常収益営業利益率
1785,ProfitBeforeTaxToOrdinaryRevenuesRatioBKIFRS,経常収益税引前利益率
1787,ProfitToOrdinaryRevenuesRatioBKIFRS,経常収益当期利益率
1789,TokyoStockExchangeGrowth,グロース
1791,TokyoStockExchangePrime,プライム
1793,TokyoStockExchangeStandard,スタンダード
1795,RevenueAbstract,売上収益
1797,Revenue2Abstract,収益
1799,OperatingProfitToRevenueRatio,売上収益営業利益率
1801,OperatingProfitToRevenue2Ratio,収益営業利益率
1803,RevenueForecastAbstract,売上収益
1805,Revenue2ForecastAbstract,収益
1807,Revenue,売上収益
1809,ChangeInRevenue,増減率
1811,Revenue2,収益
1813,ChangeInRevenue2,増減率
1815,RevenueCorrectionAbstract,売上収益
1817,Revenue2CorrectionAbstract,収益
1819,AmountChangeRevenue,増減額
1821,AmountChangeRevenue2,増減額
